{"cameraMode":{"drawMode":0,"name":"Shaded","section":"Shading Mode"},"sceneLighting":true,"audioPlay":false,"sceneViewState":{"m_AlwaysRefresh":false,"showFog":true,"showSkybox":true,"showFlares":true,"showImageEffects":true,"showParticleSystems":true,"showVisualEffectGraphs":true,"m_FxEnabled":true},"in2DMode":false,"pivot":{"x":5.825467586517334,"y":-31.121471405029298,"z":14.140891075134278},"rotation":{"x":-0.5810544490814209,"y":0.058188874274492267,"z":-0.04104923829436302,"w":-0.8114452958106995},"size":30.284618377685548,"orthographic":false}