{"cameraMode":{"drawMode":0,"name":"Shaded","section":"Shading Mode"},"sceneLighting":true,"audioPlay":false,"sceneViewState":{"m_AlwaysRefresh":false,"showFog":true,"showSkybox":true,"showFlares":true,"showImageEffects":true,"showParticleSystems":true,"showVisualEffectGraphs":true,"m_FxEnabled":true},"in2DMode":false,"pivot":{"x":0.0729999989271164,"y":2.2850000858306886,"z":-5.650000095367432},"rotation":{"x":0.0024824454449117185,"y":-0.9125735759735107,"z":0.4106060564517975,"w":0.0037933506537228824},"size":0.23906263709068299,"orthographic":false}